Kind,Name,AvgCyclomatic,AvgCyclomaticModified,AvgCyclomaticStrict,AvgEssential,AvgLine,AvgLineBlank,AvgLineCode,AvgLineComment,CountClassBase,CountClassCoupled,CountClassCoupledModified,CountClassDerived,CountDeclClass,CountDeclClassMethod,CountDeclClassVariable,CountDeclExecutableUnit,CountDeclFile,CountDeclFunction,CountDeclInstanceMethod,CountDeclInstanceVariable,CountDeclInstanceVariableInternal,CountDeclInstanceVariablePrivate,CountDeclInstanceVariableProtected,CountDeclInstanceVariableProtectedInternal,CountDeclInstanceVariablePublic,CountDeclMethod,CountDeclMethodAll,CountDeclMethodInternal,CountDeclMethodPrivate,CountDeclMethodProtected,CountDeclMethodProtectedInternal,CountDeclMethodPublic,CountDeclProperty,CountDeclPropertyAuto,CountInput,CountLine,CountLine_Html,CountLine_Javascript,CountLine_Php,CountLineBlank,CountLineBlank_Html,CountLineBlank_Javascript,CountLineBlank_Php,CountLineCode,CountLineCode_Javascript,CountLineCode_Php,CountLineCodeDecl,CountLineCodeExe,CountLineComment,CountLineComment_Html,CountLineComment_Javascript,CountLineComment_Php,CountLineInactive,CountLinePreprocessor,CountOutput,CountPath,CountPathLog,CountSemicolon,CountStmt,CountStmtDecl,CountStmtDecl_Javascript,CountStmtDecl_Php,CountStmtExe,CountStmtExe_Javascript,CountStmtExe_Php,Cyclomatic,CyclomaticModified,CyclomaticStrict,Essential,Knots,MaxCyclomatic,MaxCyclomaticModified,MaxCyclomaticStrict,MaxEssential,MaxEssentialKnots,MaxInheritanceTree,MaxNesting,MinEssentialKnots,PercentLackOfCohesion,PercentLackOfCohesionModified,RatioCommentToCode,SumCyclomatic,SumCyclomaticModified,SumCyclomaticStrict,SumEssential
Unknown Method,"Add",,,,,,,,,,,,,,,,,,,,,,,,,,,,,,,,,,,,,,,,,,,,,,,,,,,,,,,,,,,,,,,,,,,,,,,,,,,,,,,,,0.00,,,,
Unknown Method,"AppendText",,,,,,,,,,,,,,,,,,,,,,,,,,,,,,,,,,,,,,,,,,,,,,,,,,,,,,,,,,,,,,,,,,,,,,,,,,,,,,,,,0.00,,,,
Unknown Class,"ApplicationSettingsBase",,,,,,,,,,,,,,,,,,,,,,,,,,,,,,,,,,,,,,,,,,,,,,,,,,,,,,,,,,,,,,,,,,,,,,,,,,,,,,,,,0.00,,,,
File,"AssemblyInfo.cs",0,0,0,0,0,0,0,0,,,,,0,,,0,,0,,,,,,,,,,,,,,,,,,35,,,,4,,,,14,,,14,0,17,,,,0,0,,,,2,2,2,,,0,,,,,,,,0,0,0,0,,,0,,,,1.21,0,0,0,0
File,"AttrezzoMapper.cs",1,1,1,1,4,0,4,0,,,,,1,,,3,,3,,,,,,,,,,,,,,,,,,24,,,,3,,,,21,,,7,4,0,,,,0,0,,,,6,11,7,,,4,,,,,,,,1,1,1,1,,,0,,,,0.00,3,3,3,3
Unknown Method,"BeginInit",,,,,,,,,,,,,,,,,,,,,,,,,,,,,,,,,,,,,,,,,,,,,,,,,,,,,,,,,,,,,,,,,,,,,,,,,,,,,,,,,0.00,,,,
Unknown Class,"Button",,,,,,,,,,,,,,,,,,,,,,,,,,,,,,,,,,,,,,,,,,,,,,,,,,,,,,,,,,,,,,,,,,,,,,,,,,,,,,,,,0.00,,,,
Unknown Class,"CheckBox",,,,,,,,,,,,,,,,,,,,,,,,,,,,,,,,,,,,,,,,,,,,,,,,,,,,,,,,,,,,,,,,,,,,,,,,,,,,,,,,,0.00,,,,
Unknown Method,"Close",,,,,,,,,,,,,,,,,,,,,,,,,,,,,,,,,,,,,,,,,,,,,,,,,,,,,,,,,,,,,,,,,,,,,,,,,,,,,,,,,0.00,,,,
Unknown Method,"Dispose",,,,,,,,,,,,,,,,,,,,,,,,,,,,,,,,,,,,,,,,,,,,,,,,,,,,,,,,,,,,,,,,,,,,,,,,,,,,,,,,,0.00,,,,
Unknown Class,"EditorBrowsableAttribute",,,,,,,,,,,,,,,,,,,,,,,,,,,,,,,,,,,,,,,,,,,,,,,,,,,,,,,,,,,,,,,,,,,,,,,,,,,,,,,,,0.00,,,,
Unknown Method,"EnableVisualStyles",,,,,,,,,,,,,,,,,,,,,,,,,,,,,,,,,,,,,,,,,,,,,,,,,,,,,,,,,,,,,,,,,,,,,,,,,,,,,,,,,0.00,,,,
Unknown Method,"EndInit",,,,,,,,,,,,,,,,,,,,,,,,,,,,,,,,,,,,,,,,,,,,,,,,,,,,,,,,,,,,,,,,,,,,,,,,,,,,,,,,,0.00,,,,
Unknown Method,"Equals",,,,,,,,,,,,,,,,,,,,,,,,,,,,,,,,,,,,,,,,,,,,,,,,,,,,,,,,,,,,,,,,,,,,,,,,,,,,,,,,,0.00,,,,
Unknown Method,"ExecuteNonQueryAsync",,,,,,,,,,,,,,,,,,,,,,,,,,,,,,,,,,,,,,,,,,,,,,,,,,,,,,,,,,,,,,,,,,,,,,,,,,,,,,,,,0.00,,,,
Unknown Method,"ExecuteReader",,,,,,,,,,,,,,,,,,,,,,,,,,,,,,,,,,,,,,,,,,,,,,,,,,,,,,,,,,,,,,,,,,,,,,,,,,,,,,,,,0.00,,,,
Unknown Class,"Font",,,,,,,,,,,,,,,,,,,,,,,,,,,,,,,,,,,,,,,,,,,,,,,,,,,,,,,,,,,,,,,,,,,,,,,,,,,,,,,,,0.00,,,,
Unknown Class,"Form",,,,,,,,,,,,,,,,,,,,,,,,,,,,,,,,,,,,,,,,,,,,,,,,,,,,,,,,,,,,,,,,,,,,,,,,,,,,,,,,,0.00,,,,
File,"FormAggiungiProdottiRicetta.Designer.cs",1,1,2,1,53,0,40,12,,,,,1,,,2,,2,,,,,,,,,,,,,,,,,,139,,,,7,,,,95,,,12,74,35,,,,0,2,,,,80,85,12,,,73,,,,,,,,2,2,3,1,,,1,,,,0.37,3,3,4,2
File,"FormAggiungiProdottiRicetta.cs",2,2,2,1,12,1,11,0,,,,,1,,,3,,3,,,,,,,,,,,,,,,,,,54,,,,7,,,,47,,,14,20,0,,,,0,0,,,,24,32,14,,,20,,,,,,,,3,3,4,1,,,1,,,,0.00,6,6,7,3
File,"FormAggiungiRic.Designer.cs",1,1,2,1,73,1,54,18,,,,,1,,,2,,2,,,,,,,,,,,,,,,,,,184,,,,8,,,,127,,,16,102,47,,,,0,2,,,,112,117,16,,,101,,,,,,,,2,2,3,1,,,1,,,,0.37,3,3,4,2
File,"FormAggiungiRic.cs",1,1,1,1,8,0,8,0,,,,,1,,,2,,2,,,,,,,,,,,,,,,,,,26,,,,2,,,,24,,,11,10,0,,,,0,0,,,,12,16,11,,,6,,,,,,,,1,1,1,1,,,0,,,,0.00,2,2,2,2
File,"FormAggiuntaAtt.Designer.cs",1,1,2,1,43,0,32,10,,,,,1,,,2,,2,,,,,,,,,,,,,,,,,,118,,,,7,,,,77,,,11,57,32,,,,0,2,,,,62,67,11,,,56,,,,,,,,2,2,3,1,,,1,,,,0.42,3,3,4,2
File,"FormAggiuntaAtt.cs",1,1,1,1,5,0,5,0,,,,,1,,,2,,2,,,,,,,,,,,,,,,,,,22,,,,2,,,,20,,,7,5,0,,,,0,0,,,,8,12,7,,,5,,,,,,,,1,1,1,1,,,0,,,,0.00,2,2,2,2
File,"FormAggiuntaProd.Designer.cs",1,1,2,1,43,1,32,10,,,,,1,,,2,,2,,,,,,,,,,,,,,,,,,119,,,,8,,,,77,,,11,57,32,,,,0,2,,,,62,67,11,,,56,,,,,,,,2,2,3,1,,,1,,,,0.42,3,3,4,2
File,"FormAggiuntaProd.cs",1,1,1,1,5,0,5,0,,,,,1,,,2,,2,,,,,,,,,,,,,,,,,,22,,,,2,,,,20,,,7,5,0,,,,0,0,,,,8,12,7,,,5,,,,,,,,1,1,1,1,,,0,,,,0.00,2,2,2,2
File,"FormGestioneAttrezzatura.Designer.cs",1,1,2,1,24,0,19,4,,,,,1,,,2,,2,,,,,,,,,,,,,,,,,,77,,,,7,,,,48,,,7,32,20,,,,0,2,,,,33,38,7,,,31,,,,,,,,2,2,3,1,,,1,,,,0.42,3,3,4,2
File,"FormGestioneAttrezzatura.cs",1,1,1,1,9,0,9,0,,,,,1,,,3,,3,,,,,,,,,,,,,,,,,,41,,,,4,,,,37,,,11,15,0,,,,0,0,,,,18,25,12,,,16,,,,,,,,2,2,2,1,,,1,,,,0.00,5,5,5,3
File,"FormGestioneProdotti.Designer.cs",1,1,2,1,24,0,19,4,,,,,1,,,2,,2,,,,,,,,,,,,,,,,,,77,,,,7,,,,48,,,7,32,20,,,,0,2,,,,33,38,7,,,31,,,,,,,,2,2,3,1,,,1,,,,0.42,3,3,4,2
File,"FormGestioneProdotti.cs",1,1,1,1,9,0,9,0,,,,,1,,,3,,3,,,,,,,,,,,,,,,,,,41,,,,3,,,,38,,,11,16,0,,,,0,0,,,,19,26,12,,,17,,,,,,,,2,2,2,1,,,1,,,,0.00,5,5,5,3
File,"FormGestioneRicette.Designer.cs",1,1,2,1,24,0,19,4,,,,,1,,,2,,2,,,,,,,,,,,,,,,,,,77,,,,7,,,,48,,,7,32,20,,,,0,2,,,,33,38,7,,,31,,,,,,,,2,2,3,1,,,1,,,,0.42,3,3,4,2
File,"FormGestioneRicette.cs",1,1,1,1,9,0,9,0,,,,,1,,,3,,3,,,,,,,,,,,,,,,,,,41,,,,4,,,,37,,,11,15,0,,,,0,0,,,,18,25,12,,,16,,,,,,,,2,2,2,1,,,1,,,,0.00,5,5,5,3
File,"FormGestioneUtente.Designer.cs",1,1,2,1,62,2,46,13,,,,,1,,,2,,2,,,,,,,,,,,,,,,,,,158,,,,11,,,,107,,,13,85,38,,,,0,2,,,,92,97,13,,,84,,,,,,,,2,2,3,1,,,1,,,,0.36,3,3,4,2
File,"FormGestioneUtente.cs",1,1,1,1,11,0,11,0,,,,,1,,,4,,4,,,,,,,,,,,,,,,,,,60,,,,6,,,,54,,,9,23,0,,,,0,0,,,,21,30,9,,,21,,,,,,,,2,2,2,1,,,1,,,,0.00,7,7,7,4
File,"FormListaSpesa.Designer.cs",1,1,2,1,28,0,22,6,,,,,1,,,2,,2,,,,,,,,,,,,,,,,,,86,,,,7,,,,54,,,8,37,23,,,,0,2,,,,39,44,8,,,36,,,,,,,,2,2,3,1,,,1,,,,0.43,3,3,4,2
File,"FormListaSpesa.cs",1,1,1,1,8,0,8,0,,,,,1,,,2,,2,,,,,,,,,,,,,,,,,,27,,,,2,,,,25,,,7,8,0,,,,0,0,,,,12,17,8,,,9,,,,,,,,2,2,2,1,,,1,,,,0.00,3,3,3,2
File,"FormLogin.Designer.cs",1,1,2,1,48,1,36,10,,,,,1,,,2,,2,,,,,,,,,,,,,,,,,,128,,,,8,,,,86,,,11,66,32,,,,0,2,,,,71,76,11,,,65,,,,,,,,2,2,3,1,,,1,,,,0.37,3,3,4,2
File,"FormLogin.cs",1,1,1,1,9,0,9,0,,,,,1,,,3,,3,,,,,,,,,,,,,,,,,,41,,,,4,,,,36,,,11,16,1,,,,0,0,,,,17,23,11,,,14,,,,,,,,2,2,2,1,,,1,,,,0.03,4,4,4,3
File,"FormMenu.Designer.cs",1,1,2,1,50,1,39,10,,,,,1,,,2,,2,,,,,,,,,,,,,,,,,,133,,,,8,,,,91,,,11,71,32,,,,0,2,,,,76,81,11,,,70,,,,,,,,2,2,3,1,,,1,,,,0.35,3,3,4,2
File,"FormMenu.cs",1,1,1,1,9,0,8,0,,,,,1,,,7,,7,,,,,,,,,,,,,,,,,,84,,,,14,,,,70,,,19,31,0,,,,0,0,,,,33,46,21,,,30,,,,,,,,5,5,5,1,,,2,,,,0.00,11,11,11,7
File,"FormModificaAtt.Designer.cs",1,1,2,1,51,1,38,12,,,,,1,,,2,,2,,,,,,,,,,,,,,,,,,135,,,,8,,,,90,,,12,69,35,,,,0,2,,,,75,80,12,,,68,,,,,,,,2,2,3,1,,,1,,,,0.39,3,3,4,2
File,"FormModificaAtt.cs",1,1,1,1,9,0,9,0,,,,,1,,,3,,3,,,,,,,,,,,,,,,,,,39,,,,3,,,,36,,,8,14,0,,,,0,0,,,,17,24,9,,,15,,,,,,,,3,3,3,1,,,2,,,,0.00,5,5,5,3
File,"FormModificaProd.Designer.cs",1,1,2,1,56,1,43,12,,,,,1,,,2,,2,,,,,,,,,,,,,,,,,,145,,,,8,,,,100,,,12,79,35,,,,0,2,,,,81,86,12,,,74,,,,,,,,2,2,3,1,,,1,,,,0.35,3,3,4,2
File,"FormModificaProd.cs",1,1,1,1,9,0,9,0,,,,,1,,,3,,3,,,,,,,,,,,,,,,,,,39,,,,3,,,,36,,,8,14,0,,,,0,0,,,,17,24,9,,,15,,,,,,,,3,3,3,1,,,2,,,,0.00,5,5,5,3
File,"FormRegistrazione.Designer.cs",1,1,2,1,41,1,31,9,,,,,1,,,2,,2,,,,,,,,,,,,,,,,,,113,,,,8,,,,74,,,10,55,29,,,,0,2,,,,59,64,10,,,54,,,,,,,,2,2,3,1,,,1,,,,0.39,3,3,4,2
File,"FormRegistrazione.cs",1,1,1,1,5,0,5,0,,,,,1,,,2,,2,,,,,,,,,,,,,,,,,,22,,,,2,,,,20,,,7,5,0,,,,0,0,,,,8,12,7,,,5,,,,,,,,1,1,1,1,,,0,,,,0.00,2,2,2,2
File,"FormRicetta.Designer.cs",1,1,2,1,111,1,85,24,,,,,1,,,2,,2,,,,,,,,,,,,,,,,,,263,,,,9,,,,193,,,20,164,59,,,,0,2,,,,170,175,20,,,155,,,,,,,,2,2,3,1,,,1,,,,0.31,3,3,4,2
File,"FormRicetta.cs",3,3,3,1,23,2,21,0,,,,,1,,,4,,4,,,,,,,,,,,,,,,,,,107,,,,13,,,,94,,,14,46,0,,,,0,0,,,,48,64,18,,,47,,,,,,,,8,8,8,4,,,3,,,,0.00,14,14,14,7
Unknown Method,"Format",,,,,,,,,,,,,,,,,,,,,,,,,,,,,,,,,,,,,,,,,,,,,,,,,,,,,,,,,,,,,,,,,,,,,,,,,,,,,,,,,0.00,,,,
Unknown Class,"GeneratedCodeAttribute",,,,,,,,,,,,,,,,,,,,,,,,,,,,,,,,,,,,,,,,,,,,,,,,,,,,,,,,,,,,,,,,,,,,,,,,,,,,,,,,,0.00,,,,
File,"GestioneDB.cs",2,2,2,1,21,4,15,2,,,,,2,,,47,,47,,,,,,,,,,,,,,,,,,1138,,,,246,,,,729,,,210,409,163,,,,0,0,,,,333,465,212,,,333,,,,,,,,13,13,13,6,,,7,,,,0.22,130,129,131,66
Unknown Method,"GetString",,,,,,,,,,,,,,,,,,,,,,,,,,,,,,,,,,,,,,,,,,,,,,,,,,,,,,,,,,,,,,,,,,,,,,,,,,,,,,,,,0.00,,,,
Unknown Method,"Hide",,,,,,,,,,,,,,,,,,,,,,,,,,,,,,,,,,,,,,,,,,,,,,,,,,,,,,,,,,,,,,,,,,,,,,,,,,,,,,,,,0.00,,,,
Unknown Class,"IContainer",,,,,,,,,,,,,,,,,,,,,,,,,,,,,,,,,,,,,,,,,,,,,,,,,,,,,,,,,,,,,,,,,,,,,,,,,,,,,,,,,0.00,,,,
Unknown Class,"ISupportInitialize",,,,,,,,,,,,,,,,,,,,,,,,,,,,,,,,,,,,,,,,,,,,,,,,,,,,,,,,,,,,,,,,,,,,,,,,,,,,,,,,,0.00,,,,
Unknown Class,"Label",,,,,,,,,,,,,,,,,,,,,,,,,,,,,,,,,,,,,,,,,,,,,,,,,,,,,,,,,,,,,,,,,,,,,,,,,,,,,,,,,0.00,,,,
Unknown Class,"ListBox",,,,,,,,,,,,,,,,,,,,,,,,,,,,,,,,,,,,,,,,,,,,,,,,,,,,,,,,,,,,,,,,,,,,,,,,,,,,,,,,,0.00,,,,
File,"ListaSpesaMapper.cs",1,1,1,1,4,0,4,0,,,,,1,,,3,,3,,,,,,,,,,,,,,,,,,22,,,,1,,,,21,,,7,4,0,,,,0,0,,,,6,11,7,,,4,,,,,,,,1,1,1,1,,,0,,,,0.00,3,3,3,3
Unresolved Namespace,"MySql.Data.MySqlClient",,,,,,,,,,,,,,,,,,,,,,,,,,,,,,,,,,,,,,,,,,,,,,,,,,,,,,,,,,,,,,,,,,,,,,,,,,,,,,,,,0.00,,,,
Unknown Class,"MySqlCommand",,,,,,,,,,,,,,,,,,,,,,,,,,,,,,,,,,,,,,,,,,,,,,,,,,,,,,,,,,,,,,,,,,,,,,,,,,,,,,,,,0.00,,,,
Unknown Class,"MySqlConnection",,,,,,,,,,,,,,,,,,,,,,,,,,,,,,,,,,,,,,,,,,,,,,,,,,,,,,,,,,,,,,,,,,,,,,,,,,,,,,,,,0.00,,,,
Unknown Class,"MySqlDataReader",,,,,,,,,,,,,,,,,,,,,,,,,,,,,,,,,,,,,,,,,,,,,,,,,,,,,,,,,,,,,,,,,,,,,,,,,,,,,,,,,0.00,,,,
Unknown Class,"MySqlException",,,,,,,,,,,,,,,,,,,,,,,,,,,,,,,,,,,,,,,,,,,,,,,,,,,,,,,,,,,,,,,,,,,,,,,,,,,,,,,,,0.00,,,,
Unknown Class,"NumericUpDown",,,,,,,,,,,,,,,,,,,,,,,,,,,,,,,,,,,,,,,,,,,,,,,,,,,,,,,,,,,,,,,,,,,,,,,,,,,,,,,,,0.00,,,,
Unknown Method,"Open",,,,,,,,,,,,,,,,,,,,,,,,,,,,,,,,,,,,,,,,,,,,,,,,,,,,,,,,,,,,,,,,,,,,,,,,,,,,,,,,,0.00,,,,
Unknown Class,"Padding",,,,,,,,,,,,,,,,,,,,,,,,,,,,,,,,,,,,,,,,,,,,,,,,,,,,,,,,,,,,,,,,,,,,,,,,,,,,,,,,,0.00,,,,
Unknown Method,"Parse",,,,,,,,,,,,,,,,,,,,,,,,,,,,,,,,,,,,,,,,,,,,,,,,,,,,,,,,,,,,,,,,,,,,,,,,,,,,,,,,,0.00,,,,
Unknown Method,"PerformLayout",,,,,,,,,,,,,,,,,,,,,,,,,,,,,,,,,,,,,,,,,,,,,,,,,,,,,,,,,,,,,,,,,,,,,,,,,,,,,,,,,0.00,,,,
Unknown Class,"Point",,,,,,,,,,,,,,,,,,,,,,,,,,,,,,,,,,,,,,,,,,,,,,,,,,,,,,,,,,,,,,,,,,,,,,,,,,,,,,,,,0.00,,,,
File,"ProdottoMapper.cs",1,1,1,1,4,0,4,0,,,,,1,,,3,,3,,,,,,,,,,,,,,,,,,25,,,,4,,,,21,,,7,4,0,,,,0,0,,,,6,11,7,,,4,,,,,,,,1,1,1,1,,,0,,,,0.00,3,3,3,3
Namespace,"ProgettoBirra",1,1,2,1,20,1,16,2,,,,,25,,,,,147,,,,,,,,,,,,,,,,,,3910,,,,426,,,,2784,,,569,1701,670,,,,0,30,,,,1709,2068,574,,,1596,,,,,,,,13,13,13,6,,,7,,,,0.24,278,277,295,169
Public Class,"ProgettoBirra.AttrezzoMapper",1,1,1,1,4,0,4,0,1,1,0,0,,0,0,,,,3,2,0,2,0,0,0,3,12,0,0,0,0,3,0,0,,20,,,,2,,,,18,,,6,4,0,,,,0,0,,,,6,10,6,,,4,,,,,,,,1,1,1,1,,0,0,,33,33,0.00,3,3,3,3
Public Constructor,"ProgettoBirra.AttrezzoMapper.AttrezzoMapper",,,,,,,,,,,,,,,,,,,,,,,,,,,,,,,,,,,3,5,,,,0,,,,5,,,1,2,0,,,,0,0,3,1,0,2,3,1,,,2,,,1,1,1,1,0,,,,,0,,0,0,,,0.00,1,1,1,1
Public Method,"ProgettoBirra.AttrezzoMapper.getCapacita",,,,,,,,,,,,,,,,,,,,,,,,,,,,,,,,,,,2,4,,,,0,,,,4,,,1,1,0,,,,0,0,1,1,0,1,2,1,,,1,,,1,1,1,1,0,,,,,0,,0,0,,,0.00,1,1,1,1
Public Method,"ProgettoBirra.AttrezzoMapper.getNome",,,,,,,,,,,,,,,,,,,,,,,,,,,,,,,,,,,3,4,,,,0,,,,4,,,1,1,0,,,,0,0,1,1,0,1,2,1,,,1,,,1,1,1,1,0,,,,,0,,0,0,,,0.00,1,1,1,1
Public Class,"ProgettoBirra.CheBirraFaccio",1,1,1,1,4,0,4,0,1,1,0,0,,0,0,,,,3,2,0,2,0,0,0,3,12,0,0,0,0,3,0,0,,21,,,,3,,,,18,,,6,4,0,,,,0,0,,,,6,10,6,,,4,,,,,,,,1,1,1,1,,0,0,,33,33,0.00,3,3,3,3
Public Constructor,"ProgettoBirra.CheBirraFaccio.CheBirraFaccio",,,,,,,,,,,,,,,,,,,,,,,,,,,,,,,,,,,3,5,,,,0,,,,5,,,1,2,0,,,,0,0,3,1,0,2,3,1,,,2,,,1,1,1,1,0,,,,,0,,0,0,,,0.00,1,1,1,1
Public Method,"ProgettoBirra.CheBirraFaccio.getidRicetta",,,,,,,,,,,,,,,,,,,,,,,,,,,,,,,,,,,2,4,,,,0,,,,4,,,1,1,0,,,,0,0,1,1,0,1,2,1,,,1,,,1,1,1,1,0,,,,,0,,0,0,,,0.00,1,1,1,1
Public Method,"ProgettoBirra.CheBirraFaccio.getquantitaMin",,,,,,,,,,,,,,,,,,,,,,,,,,,,,,,,,,,2,4,,,,0,,,,4,,,1,1,0,,,,0,0,1,1,0,1,2,1,,,1,,,1,1,1,1,0,,,,,0,,0,0,,,0.00,1,1,1,1
Public Class,"ProgettoBirra.FormAggiungiProdottiRicetta",1,1,2,1,28,1,23,4,1,14,10,0,,0,0,,,,5,13,0,13,0,0,0,5,14,0,3,1,0,1,0,0,,183,,,,12,,,,134,,,22,94,35,,,,0,2,,,,102,113,22,,,93,,,,,,,,3,3,4,1,,1,1,,58,35,0.26,9,9,11,5
Protected Method,"ProgettoBirra.FormAggiungiProdottiRicetta.Dispose",,,,,,,,,,,,,,,,,,,,,,,,,,,,,,,,,,,3,8,,,,0,,,,8,,,1,3,0,,,,0,0,1,2,0,2,4,1,,,3,,,2,2,3,1,0,,,,,0,,1,0,,,0.00,2,2,3,1
Public Constructor,"ProgettoBirra.FormAggiungiProdottiRicetta.FormAggiungiProdottiRicetta",,,,,,,,,,,,,,,,,,,,,,,,,,,,,,,,,,,5,9,,,,0,,,,9,,,1,6,0,,,,0,0,8,1,0,6,7,1,,,6,,,1,1,1,1,0,,,,,0,,0,0,,,0.00,1,1,1,1
Private Method,"ProgettoBirra.FormAggiungiProdottiRicetta.InitializeComponent",,,,,,,,,,,,,,,,,,,,,,,,,,,,,,,,,,,10,98,,,,1,,,,73,,,1,70,24,,,,0,0,11,1,0,70,71,1,,,70,,,1,1,1,1,0,,,,,0,,0,0,,,0.33,1,1,1,1
Private Method,"ProgettoBirra.FormAggiungiProdottiRicetta.buttonFine_Click",,,,,,,,,,,,,,,,,,,,,,,,,,,,,,,,,,,7,16,,,,1,,,,15,,,2,8,0,,,,0,0,9,4,1,6,9,2,,,8,,,3,3,4,1,0,,,,,0,,1,0,,,0.00,3,3,4,1
Private Method,"ProgettoBirra.FormAggiungiProdottiRicetta.buttonSalva_Click",,,,,,,,,,,,,,,,,,,,,,,,,,,,,,,,,,,7,13,,,,3,,,,10,,,2,6,0,,,,0,0,7,2,0,5,7,2,,,6,,,2,2,2,1,0,,,,,0,,1,0,,,0.00,2,2,2,1
Internal Class,"ProgettoBirra.FormAggiungiRic",1,1,1,1,40,0,31,9,1,14,11,0,,0,0,,,,4,12,0,12,0,0,0,4,13,0,2,1,0,1,0,0,,200,,,,8,,,,143,,,23,112,47,,,,0,2,,,,122,129,23,,,107,,,,,,,,2,2,3,1,,1,1,,66,43,0.33,5,5,6,4
Protected Method,"ProgettoBirra.FormAggiungiRic.Dispose",,,,,,,,,,,,,,,,,,,,,,,,,,,,,,,,,,,2,8,,,,0,,,,8,,,1,3,0,,,,0,0,1,2,0,2,4,1,,,3,,,2,2,3,1,0,,,,,0,,1,0,,,0.00,2,2,3,1
Public Constructor,"ProgettoBirra.FormAggiungiRic.FormAggiungiRic",,,,,,,,,,,,,,,,,,,,,,,,,,,,,,,,,,,1,4,,,,0,,,,4,,,1,1,0,,,,0,0,2,1,0,1,2,1,,,1,,,1,1,1,1,0,,,,,0,,0,0,,,0.00,1,1,1,1
Private Method,"ProgettoBirra.FormAggiungiRic.InitializeComponent",,,,,,,,,,,,,,,,,,,,,,,,,,,,,,,,,,,13,139,,,,2,,,,101,,,1,98,36,,,,0,0,15,1,0,98,99,1,,,98,,,1,1,1,1,0,,,,,0,,0,0,,,0.36,1,1,1,1
Private Method,"ProgettoBirra.FormAggiungiRic.buttonAggiungiBirra_Click",,,,,,,,,,,,,,,,,,,,,,,,,,,,,,,,,,,4,12,,,,0,,,,12,,,6,9,0,,,,0,0,5,1,0,9,10,6,,,5,,,1,1,1,1,0,,,,,0,,0,0,,,0.00,1,1,1,1
Internal Class,"ProgettoBirra.FormAggiuntaAtt",1,1,1,1,24,0,18,5,1,12,9,0,,0,0,,,,4,8,0,8,0,0,0,4,13,0,2,1,0,1,0,0,,130,,,,7,,,,89,,,14,62,32,,,,0,2,,,,68,75,14,,,61,,,,,,,,2,2,3,1,,1,1,,65,34,0.36,5,5,6,4
Protected Method,"ProgettoBirra.FormAggiuntaAtt.Dispose",,,,,,,,,,,,,,,,,,,,,,,,,,,,,,,,,,,3,8,,,,0,,,,8,,,1,3,0,,,,0,0,1,2,0,2,4,1,,,3,,,2,2,3,1,0,,,,,0,,1,0,,,0.00,2,2,3,1
Public Constructor,"ProgettoBirra.FormAggiuntaAtt.FormAggiuntaAtt",,,,,,,,,,,,,,,,,,,,,,,,,,,,,,,,,,,1,5,,,,0,,,,5,,,1,2,0,,,,0,0,4,1,0,2,3,1,,,2,,,1,1,1,1,0,,,,,0,,0,0,,,0.00,1,1,1,1
Private Method,"ProgettoBirra.FormAggiuntaAtt.InitializeComponent",,,,,,,,,,,,,,,,,,,,,,,,,,,,,,,,,,,8,78,,,,1,,,,56,,,1,53,21,,,,0,0,10,1,0,53,54,1,,,53,,,1,1,1,1,0,,,,,0,,0,0,,,0.38,1,1,1,1
Private Method,"ProgettoBirra.FormAggiuntaAtt.buttonCreaAtt_Click",,,,,,,,,,,,,,,,,,,,,,,,,,,,,,,,,,,3,6,,,,0,,,,6,,,1,3,0,,,,0,0,4,1,0,3,4,1,,,3,,,1,1,1,1,0,,,,,0,,0,0,,,0.00,1,1,1,1
Internal Class,"ProgettoBirra.FormAggiuntaProd",1,1,1,1,24,0,18,5,1,13,10,0,,0,0,,,,4,8,0,8,0,0,0,4,13,0,2,1,0,1,0,0,,131,,,,8,,,,89,,,14,62,32,,,,0,2,,,,68,75,14,,,61,,,,,,,,2,2,3,1,,1,1,,65,34,0.36,5,5,6,4
Protected Method,"ProgettoBirra.FormAggiuntaProd.Dispose",,,,,,,,,,,,,,,,,,,,,,,,,,,,,,,,,,,3,8,,,,0,,,,8,,,1,3,0,,,,0,0,1,2,0,2,4,1,,,3,,,2,2,3,1,0,,,,,0,,1,0,,,0.00,2,2,3,1
Public Constructor,"ProgettoBirra.FormAggiuntaProd.FormAggiuntaProd",,,,,,,,,,,,,,,,,,,,,,,,,,,,,,,,,,,1,5,,,,0,,,,5,,,1,2,0,,,,0,0,4,1,0,2,3,1,,,2,,,1,1,1,1,0,,,,,0,,0,0,,,0.00,1,1,1,1
Private Method,"ProgettoBirra.FormAggiuntaProd.InitializeComponent",,,,,,,,,,,,,,,,,,,,,,,,,,,,,,,,,,,8,79,,,,2,,,,56,,,1,53,21,,,,0,0,10,1,0,53,54,1,,,53,,,1,1,1,1,0,,,,,0,,0,0,,,0.38,1,1,1,1
Private Method,"ProgettoBirra.FormAggiuntaProd.buttonSalvaProd",,,,,,,,,,,,,,,,,,,,,,,,,,,,,,,,,,,4,6,,,,0,,,,6,,,1,3,0,,,,0,0,4,1,0,3,4,1,,,3,,,1,1,1,1,0,,,,,0,,0,0,,,0.00,1,1,1,1
Internal Class,"ProgettoBirra.FormGestioneAttrezzatura",1,1,1,1,15,0,13,1,1,18,13,0,,0,0,,,,5,4,0,4,0,0,0,5,14,0,3,1,0,1,0,0,,108,,,,9,,,,77,,,14,47,20,,,,0,2,,,,49,59,15,,,47,,,,,,,,2,2,3,1,,1,1,,70,50,0.26,8,8,9,5
Protected Method,"ProgettoBirra.FormGestioneAttrezzatura.Dispose",,,,,,,,,,,,,,,,,,,,,,,,,,,,,,,,,,,3,8,,,,0,,,,8,,,1,3,0,,,,0,0,1,2,0,2,4,1,,,3,,,2,2,3,1,0,,,,,0,,1,0,,,0.00,2,2,3,1
Public Constructor,"ProgettoBirra.FormGestioneAttrezzatura.FormGestioneAttrezzatura",,,,,,,,,,,,,,,,,,,,,,,,,,,,,,,,,,,4,12,,,,1,,,,11,,,1,6,0,,,,0,0,8,2,0,7,9,2,,,7,,,2,2,2,1,0,,,,,0,,1,0,,,0.00,2,2,2,1
Private Method,"ProgettoBirra.FormGestioneAttrezzatura.InitializeComponent",,,,,,,,,,,,,,,,,,,,,,,,,,,,,,,,,,,5,41,,,,1,,,,31,,,1,28,9,,,,0,0,5,1,0,28,29,1,,,28,,,1,1,1,1,0,,,,,0,,0,0,,,0.29,1,1,1,1
Private Method,"ProgettoBirra.FormGestioneAttrezzatura.buttonAggiungiAtt_Click",,,,,,,,,,,,,,,,,,,,,,,,,,,,,,,,,,,0,7,,,,0,,,,7,,,2,4,0,,,,0,0,4,1,0,4,5,2,,,4,,,1,1,1,1,0,,,,,0,,0,0,,,0.00,1,1,1,1
Private Method,"ProgettoBirra.FormGestioneAttrezzatura.listBox1_SelectedIndexChanged_1",,,,,,,,,,,,,,,,,,,,,,,,,,,,,,,,,,,1,10,,,,0,,,,10,,,3,5,0,,,,0,0,4,2,0,4,6,3,,,5,,,2,2,2,1,0,,,,,0,,1,0,,,0.00,2,2,2,1
Internal Class,"ProgettoBirra.FormGestioneProdotti",1,1,1,1,15,0,13,1,1,18,13,0,,0,0,,,,5,4,0,4,0,0,0,5,14,0,3,1,0,1,0,0,,108,,,,8,,,,78,,,14,48,20,,,,0,2,,,,50,60,15,,,48,,,,,,,,2,2,3,1,,1,1,,70,44,0.26,8,8,9,5
Protected Method,"ProgettoBirra.FormGestioneProdotti.Dispose",,,,,,,,,,,,,,,,,,,,,,,,,,,,,,,,,,,4,8,,,,0,,,,8,,,1,3,0,,,,0,0,1,2,0,2,4,1,,,3,,,2,2,3,1,0,,,,,0,,1,0,,,0.00,2,2,3,1
Public Constructor,"ProgettoBirra.FormGestioneProdotti.FormGestioneProdotti",,,,,,,,,,,,,,,,,,,,,,,,,,,,,,,,,,,4,11,,,,0,,,,11,,,1,6,0,,,,0,0,8,2,0,7,9,2,,,7,,,2,2,2,1,0,,,,,0,,1,0,,,0.00,2,2,2,1
Private Method,"ProgettoBirra.FormGestioneProdotti.InitializeComponent",,,,,,,,,,,,,,,,,,,,,,,,,,,,,,,,,,,5,41,,,,1,,,,31,,,1,28,9,,,,0,0,5,1,0,28,29,1,,,28,,,1,1,1,1,0,,,,,0,,0,0,,,0.29,1,1,1,1
Private Method,"ProgettoBirra.FormGestioneProdotti.buttonAggiungi",,,,,,,,,,,,,,,,,,,,,,,,,,,,,,,,,,,0,7,,,,0,,,,7,,,2,4,0,,,,0,0,4,1,0,4,5,2,,,4,,,1,1,1,1,0,,,,,0,,0,0,,,0.00,1,1,1,1
Private Method,"ProgettoBirra.FormGestioneProdotti.listBox1_SelectedIndexChanged",,,,,,,,,,,,,,,,,,,,,,,,,,,,,,,,,,,1,11,,,,0,,,,11,,,3,6,0,,,,0,0,5,2,0,5,7,3,,,6,,,2,2,2,1,0,,,,,0,,1,0,,,0.00,2,2,2,1
Public Class,"ProgettoBirra.FormGestioneRicette",1,1,1,1,15,0,13,1,1,18,13,0,,0,0,,,,5,4,0,4,0,0,0,5,14,0,3,1,0,1,0,0,,108,,,,9,,,,77,,,14,47,20,,,,0,2,,,,49,59,15,,,47,,,,,,,,2,2,3,1,,1,1,,70,50,0.26,8,8,9,5
Protected Method,"ProgettoBirra.FormGestioneRicette.Dispose",,,,,,,,,,,,,,,,,,,,,,,,,,,,,,,,,,,3,8,,,,0,,,,8,,,1,3,0,,,,0,0,1,2,0,2,4,1,,,3,,,2,2,3,1,0,,,,,0,,1,0,,,0.00,2,2,3,1
Public Constructor,"ProgettoBirra.FormGestioneRicette.FormGestioneRicette",,,,,,,,,,,,,,,,,,,,,,,,,,,,,,,,,,,4,12,,,,1,,,,11,,,1,6,0,,,,0,0,8,2,0,7,9,2,,,7,,,2,2,2,1,0,,,,,0,,1,0,,,0.00,2,2,2,1
Private Method,"ProgettoBirra.FormGestioneRicette.InitializeComponent",,,,,,,,,,,,,,,,,,,,,,,,,,,,,,,,,,,5,41,,,,1,,,,31,,,1,28,9,,,,0,0,5,1,0,28,29,1,,,28,,,1,1,1,1,0,,,,,0,,0,0,,,0.29,1,1,1,1
Private Method,"ProgettoBirra.FormGestioneRicette.buttonAggiungi_Click",,,,,,,,,,,,,,,,,,,,,,,,,,,,,,,,,,,0,7,,,,0,,,,7,,,2,4,0,,,,0,0,4,1,0,4,5,2,,,4,,,1,1,1,1,0,,,,,0,,0,0,,,0.00,1,1,1,1
Private Method,"ProgettoBirra.FormGestioneRicette.listBox1_SelectedIndexChanged",,,,,,,,,,,,,,,,,,,,,,,,,,,,,,,,,,,1,10,,,,0,,,,10,,,3,5,0,,,,0,0,4,2,0,4,6,3,,,5,,,2,2,2,1,0,,,,,0,,1,0,,,0.00,2,2,2,1
Public Class,"ProgettoBirra.FormGestioneUtente",1,1,1,1,28,1,22,4,1,14,12,0,,0,0,,,,6,10,0,10,0,0,0,6,15,0,4,1,0,1,0,0,,208,,,,15,,,,153,,,18,108,38,,,,0,2,,,,111,123,18,,,105,,,,,,,,2,2,3,1,,1,1,,68,56,0.25,10,10,11,6
Protected Method,"ProgettoBirra.FormGestioneUtente.Dispose",,,,,,,,,,,,,,,,,,,,,,,,,,,,,,,,,,,2,8,,,,0,,,,8,,,1,3,0,,,,0,0,1,2,0,2,4,1,,,3,,,2,2,3,1,0,,,,,0,,1,0,,,0.00,2,2,3,1
Public Constructor,"ProgettoBirra.FormGestioneUtente.FormGestioneUtente",,,,,,,,,,,,,,,,,,,,,,,,,,,,,,,,,,,3,7,,,,0,,,,7,,,1,4,0,,,,0,0,6,1,0,4,5,1,,,4,,,1,1,1,1,0,,,,,0,,0,0,,,0.00,1,1,1,1
Private Method,"ProgettoBirra.FormGestioneUtente.InitializeComponent",,,,,,,,,,,,,,,,,,,,,,,,,,,,,,,,,,,12,116,,,,5,,,,84,,,1,81,27,,,,0,0,12,1,0,81,82,1,,,81,,,1,1,1,1,0,,,,,0,,0,0,,,0.32,1,1,1,1
Private Method,"ProgettoBirra.FormGestioneUtente.buttonEliminaUtente_Click",,,,,,,,,,,,,,,,,,,,,,,,,,,,,,,,,,,2,19,,,,1,,,,18,,,1,11,0,,,,0,0,8,2,0,9,11,1,,,10,,,2,2,2,1,1,,,,,0,,1,0,,,0.00,2,2,2,1
Private Method,"ProgettoBirra.FormGestioneUtente.buttonSalva_Click",,,,,,,,,,,,,,,,,,,,,,,,,,,,,,,,,,,3,9,,,,0,,,,9,,,1,4,0,,,,0,0,3,2,0,3,5,1,,,4,,,2,2,2,1,0,,,,,0,,1,0,,,0.00,2,2,2,1
Private Method,"ProgettoBirra.FormGestioneUtente.checkBoxPassword_CheckedChanged",,,,,,,,,,,,,,,,,,,,,,,,,,,,,,,,,,,1,11,,,,0,,,,11,,,1,4,0,,,,0,0,1,2,0,2,4,1,,,3,,,2,2,2,1,1,,,,,0,,1,0,,,0.00,2,2,2,1
Public Class,"ProgettoBirra.FormListaSpesa",1,1,1,1,18,0,15,3,1,15,11,0,,0,0,,,,4,5,0,5,0,0,0,4,13,0,2,1,0,1,0,0,,103,,,,7,,,,71,,,11,45,23,,,,0,2,,,,49,57,12,,,45,,,,,,,,2,2,3,1,,1,1,,65,50,0.32,6,6,7,4
Protected Method,"ProgettoBirra.FormListaSpesa.Dispose",,,,,,,,,,,,,,,,,,,,,,,,,,,,,,,,,,,2,8,,,,0,,,,8,,,1,3,0,,,,0,0,1,2,0,2,4,1,,,3,,,2,2,3,1,0,,,,,0,,1,0,,,0.00,2,2,3,1
Public Constructor,"ProgettoBirra.FormListaSpesa.FormListaSpesa",,,,,,,,,,,,,,,,,,,,,,,,,,,,,,,,,,,4,11,,,,0,,,,11,,,1,6,0,,,,0,0,9,2,0,7,9,2,,,7,,,2,2,2,1,0,,,,,0,,1,0,,,0.00,2,2,2,1
Private Method,"ProgettoBirra.FormListaSpesa.InitializeComponent",,,,,,,,,,,,,,,,,,,,,,,,,,,,,,,,,,,5,49,,,,1,,,,36,,,1,33,12,,,,0,0,7,1,0,33,34,1,,,33,,,1,1,1,1,0,,,,,0,,0,0,,,0.33,1,1,1,1
Private Method,"ProgettoBirra.FormListaSpesa.buttonSpesa_Click",,,,,,,,,,,,,,,,,,,,,,,,,,,,,,,,,,,1,5,,,,0,,,,5,,,1,2,0,,,,0,0,2,1,0,2,3,1,,,2,,,1,1,1,1,0,,,,,0,,0,0,,,0.00,1,1,1,1
Public Class,"ProgettoBirra.FormLogin",1,1,1,1,24,0,20,4,1,14,12,0,,0,0,,,,5,8,0,8,0,0,0,5,14,0,3,1,0,1,0,0,,158,,,,9,,,,114,,,18,82,33,,,,0,2,,,,86,95,18,,,79,,,,,,,,2,2,3,1,,1,1,,72,55,0.29,7,7,8,5
Protected Method,"ProgettoBirra.FormLogin.Dispose",,,,,,,,,,,,,,,,,,,,,,,,,,,,,,,,,,,2,8,,,,0,,,,8,,,1,3,0,,,,0,0,1,2,0,2,4,1,,,3,,,2,2,3,1,0,,,,,0,,1,0,,,0.00,2,2,3,1
Public Constructor,"ProgettoBirra.FormLogin.FormLogin",,,,,,,,,,,,,,,,,,,,,,,,,,,,,,,,,,,2,6,,,,0,,,,6,,,1,3,0,,,,0,0,5,1,0,3,4,1,,,3,,,1,1,1,1,0,,,,,0,,0,0,,,0.00,1,1,1,1
Private Method,"ProgettoBirra.FormLogin.InitializeComponent",,,,,,,,,,,,,,,,,,,,,,,,,,,,,,,,,,,9,88,,,,2,,,,65,,,1,62,21,,,,0,0,10,1,0,62,63,1,,,62,,,1,1,1,1,0,,,,,0,,0,0,,,0.32,1,1,1,1
Private Method,"ProgettoBirra.FormLogin.bottoneLogin",,,,,,,,,,,,,,,,,,,,,,,,,,,,,,,,,,,3,17,,,,0,,,,16,,,3,11,1,,,,0,0,7,2,0,9,11,3,,,9,,,2,2,2,1,1,,,,,0,,1,0,,,0.06,2,2,2,1
Private Method,"ProgettoBirra.FormLogin.buttonCreaAccount",,,,,,,,,,,,,,,,,,,,,,,,,,,,,,,,,,,0,5,,,,0,,,,5,,,2,2,0,,,,0,0,2,1,0,2,3,2,,,2,,,1,1,1,1,0,,,,,0,,0,0,,,0.00,1,1,1,1
Internal Class,"ProgettoBirra.FormMenu",1,1,1,1,18,0,15,2,1,20,16,0,,0,0,,,,9,8,0,8,0,0,0,9,18,0,7,1,0,1,0,0,,207,,,,20,,,,153,,,26,102,32,,,,0,2,,,,107,123,28,,,100,,,,,,,,5,5,5,1,,1,2,,87,77,0.21,14,14,15,9
Protected Method,"ProgettoBirra.FormMenu.Dispose",,,,,,,,,,,,,,,,,,,,,,,,,,,,,,,,,,,2,8,,,,0,,,,8,,,1,3,0,,,,0,0,1,2,0,2,4,1,,,3,,,2,2,3,1,0,,,,,0,,1,0,,,0.00,2,2,3,1
Public Constructor,"ProgettoBirra.FormMenu.FormMenu",,,,,,,,,,,,,,,,,,,,,,,,,,,,,,,,,,,1,5,,,,0,,,,5,,,1,2,0,,,,0,0,4,1,0,2,3,1,,,2,,,1,1,1,1,0,,,,,0,,0,0,,,0.00,1,1,1,1
Private Method,"ProgettoBirra.FormMenu.InitializeComponent",,,,,,,,,,,,,,,,,,,,,,,,,,,,,,,,,,,13,93,,,,2,,,,70,,,1,67,21,,,,0,0,9,1,0,67,68,1,,,67,,,1,1,1,1,0,,,,,0,,0,0,,,0.30,1,1,1,1
Private Method,"ProgettoBirra.FormMenu.buttonCheBirraFaccio",,,,,,,,,,,,,,,,,,,,,,,,,,,,,,,,,,,5,35,,,,5,,,,30,,,3,18,0,,,,0,0,10,12,1,17,22,5,,,17,,,5,5,5,1,1,,,,,0,,2,0,,,0.00,5,5,5,1
Private Method,"ProgettoBirra.FormMenu.buttonGestioneAttrezzatura",,,,,,,,,,,,,,,,,,,,,,,,,,,,,,,,,,,0,5,,,,0,,,,5,,,2,2,0,,,,0,0,2,1,0,2,3,2,,,2,,,1,1,1,1,0,,,,,0,,0,0,,,0.00,1,1,1,1
Private Method,"ProgettoBirra.FormMenu.buttonGestioneProdotti",,,,,,,,,,,,,,,,,,,,,,,,,,,,,,,,,,,0,5,,,,0,,,,5,,,2,2,0,,,,0,0,2,1,0,2,3,2,,,2,,,1,1,1,1,0,,,,,0,,0,0,,,0.00,1,1,1,1
Private Method,"ProgettoBirra.FormMenu.buttonGestioneRicette",,,,,,,,,,,,,,,,,,,,,,,,,,,,,,,,,,,0,5,,,,0,,,,5,,,2,2,0,,,,0,0,2,1,0,2,3,2,,,2,,,1,1,1,1,0,,,,,0,,0,0,,,0.00,1,1,1,1
Private Method,"ProgettoBirra.FormMenu.buttonGestioneUtente",,,,,,,,,,,,,,,,,,,,,,,,,,,,,,,,,,,0,6,,,,0,,,,6,,,2,3,0,,,,0,0,3,1,0,3,4,2,,,3,,,1,1,1,1,0,,,,,0,,0,0,,,0.00,1,1,1,1
Private Method,"ProgettoBirra.FormMenu.buttonListaDellaSpesa",,,,,,,,,,,,,,,,,,,,,,,,,,,,,,,,,,,0,5,,,,0,,,,5,,,2,2,0,,,,0,0,2,1,0,2,3,2,,,2,,,1,1,1,1,0,,,,,0,,0,0,,,0.00,1,1,1,1
Public Class,"ProgettoBirra.FormModificaAtt",1,1,1,1,25,0,20,4,1,19,13,0,,0,0,,,,5,9,0,9,0,0,0,5,14,0,3,1,0,1,0,0,,164,,,,9,,,,118,,,16,83,35,,,,0,2,,,,90,100,17,,,83,,,,,,,,3,3,3,1,,1,2,,64,42,0.30,8,8,9,5
Protected Method,"ProgettoBirra.FormModificaAtt.Dispose",,,,,,,,,,,,,,,,,,,,,,,,,,,,,,,,,,,4,8,,,,0,,,,8,,,1,3,0,,,,0,0,1,2,0,2,4,1,,,3,,,2,2,3,1,0,,,,,0,,1,0,,,0.00,2,2,3,1
Public Constructor,"ProgettoBirra.FormModificaAtt.FormModificaAtt",,,,,,,,,,,,,,,,,,,,,,,,,,,,,,,,,,,3,13,,,,0,,,,13,,,1,6,0,,,,0,0,8,3,0,6,9,2,,,7,,,3,3,3,1,0,,,,,0,,2,0,,,0.00,3,3,3,1
Private Method,"ProgettoBirra.FormModificaAtt.InitializeComponent",,,,,,,,,,,,,,,,,,,,,,,,,,,,,,,,,,,10,94,,,,2,,,,68,,,1,65,24,,,,0,0,13,1,0,65,66,1,,,65,,,1,1,1,1,0,,,,,0,,0,0,,,0.35,1,1,1,1
Private Method,"ProgettoBirra.FormModificaAtt.buttonElimina_Click",,,,,,,,,,,,,,,,,,,,,,,,,,,,,,,,,,,2,7,,,,0,,,,7,,,1,4,0,,,,0,0,4,1,0,4,5,1,,,4,,,1,1,1,1,0,,,,,0,,0,0,,,0.00,1,1,1,1
Private Method,"ProgettoBirra.FormModificaAtt.buttonSalvaModifiche_Click",,,,,,,,,,,,,,,,,,,,,,,,,,,,,,,,,,,3,7,,,,0,,,,7,,,1,4,0,,,,0,0,5,1,0,4,5,1,,,4,,,1,1,1,1,0,,,,,0,,0,0,,,0.00,1,1,1,1
Internal Class,"ProgettoBirra.FormModificaProd",1,1,1,1,27,0,22,4,1,21,14,0,,0,0,,,,5,9,0,9,0,0,0,5,14,0,3,1,0,1,0,0,,174,,,,9,,,,128,,,16,93,35,,,,0,2,,,,96,106,17,,,89,,,,,,,,3,3,3,1,,1,2,,64,42,0.27,8,8,9,5
Private Method,"ProgettoBirra.FormModificaProd.Button_elimina",,,,,,,,,,,,,,,,,,,,,,,,,,,,,,,,,,,2,7,,,,0,,,,7,,,1,4,0,,,,0,0,4,1,0,4,5,1,,,4,,,1,1,1,1,0,,,,,0,,0,0,,,0.00,1,1,1,1
Protected Method,"ProgettoBirra.FormModificaProd.Dispose",,,,,,,,,,,,,,,,,,,,,,,,,,,,,,,,,,,4,8,,,,0,,,,8,,,1,3,0,,,,0,0,1,2,0,2,4,1,,,3,,,2,2,3,1,0,,,,,0,,1,0,,,0.00,2,2,3,1
Public Constructor,"ProgettoBirra.FormModificaProd.FormModificaProd",,,,,,,,,,,,,,,,,,,,,,,,,,,,,,,,,,,3,13,,,,0,,,,13,,,1,6,0,,,,0,0,8,3,0,6,9,2,,,7,,,3,3,3,1,0,,,,,0,,2,0,,,0.00,3,3,3,1
Private Method,"ProgettoBirra.FormModificaProd.InitializeComponent",,,,,,,,,,,,,,,,,,,,,,,,,,,,,,,,,,,10,104,,,,2,,,,78,,,1,75,24,,,,0,0,13,1,0,71,72,1,,,71,,,1,1,1,1,0,,,,,0,,0,0,,,0.31,1,1,1,1
Private Method,"ProgettoBirra.FormModificaProd.buttonSalvaModifiche_Click",,,,,,,,,,,,,,,,,,,,,,,,,,,,,,,,,,,3,7,,,,0,,,,7,,,1,4,0,,,,0,0,5,1,0,4,5,1,,,4,,,1,1,1,1,0,,,,,0,,0,0,,,0.00,1,1,1,1
Internal Class,"ProgettoBirra.FormRegistrazione",1,1,1,1,23,0,18,4,1,12,10,0,,0,0,,,,4,7,0,7,0,0,0,4,13,0,2,1,0,1,0,0,,125,,,,8,,,,86,,,13,60,29,,,,0,2,,,,65,72,13,,,59,,,,,,,,2,2,3,1,,1,1,,64,32,0.34,5,5,6,4
Protected Method,"ProgettoBirra.FormRegistrazione.Dispose",,,,,,,,,,,,,,,,,,,,,,,,,,,,,,,,,,,3,8,,,,0,,,,8,,,1,3,0,,,,0,0,1,2,0,2,4,1,,,3,,,2,2,3,1,0,,,,,0,,1,0,,,0.00,2,2,3,1
Public Constructor,"ProgettoBirra.FormRegistrazione.FormRegistrazione",,,,,,,,,,,,,,,,,,,,,,,,,,,,,,,,,,,1,5,,,,0,,,,5,,,1,2,0,,,,0,0,4,1,0,2,3,1,,,2,,,1,1,1,1,0,,,,,0,,0,0,,,0.00,1,1,1,1
Private Method,"ProgettoBirra.FormRegistrazione.InitializeComponent",,,,,,,,,,,,,,,,,,,,,,,,,,,,,,,,,,,7,74,,,,2,,,,54,,,1,51,18,,,,0,0,9,1,0,51,52,1,,,51,,,1,1,1,1,0,,,,,0,,0,0,,,0.33,1,1,1,1
Private Method,"ProgettoBirra.FormRegistrazione.buttonRegistrati",,,,,,,,,,,,,,,,,,,,,,,,,,,,,,,,,,,3,6,,,,0,,,,6,,,1,3,0,,,,0,0,3,1,0,3,4,1,,,3,,,1,1,1,1,0,,,,,0,,0,0,,,0.00,1,1,1,1
Internal Class,"ProgettoBirra.FormRicetta",2,2,3,1,52,2,42,8,1,22,15,0,,0,0,,,,6,17,0,17,0,0,0,6,15,0,4,1,0,1,0,0,,360,,,,20,,,,279,,,30,210,59,,,,0,2,,,,216,235,34,,,202,,,,,,,,8,8,8,4,,1,3,,71,60,0.21,17,17,18,9
Protected Method,"ProgettoBirra.FormRicetta.Dispose",,,,,,,,,,,,,,,,,,,,,,,,,,,,,,,,,,,2,8,,,,0,,,,8,,,1,3,0,,,,0,0,1,2,0,2,4,1,,,3,,,2,2,3,1,0,,,,,0,,1,0,,,0.00,2,2,3,1
Public Constructor,"ProgettoBirra.FormRicetta.FormRicetta",,,,,,,,,,,,,,,,,,,,,,,,,,,,,,,,,,,6,23,,,,1,,,,22,,,1,13,0,,,,0,0,18,6,1,14,18,3,,,15,,,4,4,4,1,0,,,,,0,,2,0,,,0.00,4,4,4,1
Private Method,"ProgettoBirra.FormRicetta.InitializeComponent",,,,,,,,,,,,,,,,,,,,,,,,,,,,,,,,,,,19,214,,,,3,,,,163,,,1,160,48,,,,0,0,21,1,0,152,153,1,,,152,,,1,1,1,1,0,,,,,0,,0,0,,,0.29,1,1,1,1
Private Method,"ProgettoBirra.FormRicetta.buttonElimina_Click",,,,,,,,,,,,,,,,,,,,,,,,,,,,,,,,,,,2,8,,,,0,,,,8,,,2,5,0,,,,0,0,5,1,0,5,6,2,,,5,,,1,1,1,1,0,,,,,0,,0,0,,,0.00,1,1,1,1
Private Method,"ProgettoBirra.FormRicetta.buttonModificaRic_Click",,,,,,,,,,,,,,,,,,,,,,,,,,,,,,,,,,,3,6,,,,0,,,,6,,,1,3,0,,,,0,0,3,1,0,3,4,1,,,3,,,1,1,1,1,0,,,,,0,,0,0,,,0.00,1,1,1,1
Private Method,"ProgettoBirra.FormRicetta.buttonPrepara",,,,,,,,,,,,,,,,,,,,,,,,,,,,,,,,,,,3,57,,,,8,,,,49,,,5,25,0,,,,0,0,13,30,1,23,31,7,,,24,,,8,8,8,4,6,,,,,5,,3,4,,,0.00,8,8,8,4
Internal Class,"ProgettoBirra.GestioneDB",2,2,2,1,21,4,15,2,1,15,10,0,,0,0,,,,47,1,0,1,0,0,0,47,56,0,3,0,0,44,0,0,,1116,,,,244,,,,710,,,194,401,162,,,,0,0,,,,319,449,196,,,326,,,,,,,,13,13,13,6,,0,7,,2,0,0.23,130,129,131,66
Private Method,"ProgettoBirra.GestioneDB.CloseConnection",,,,,,,,,,,,,,,,,,,,,,,,,,,,,,,,,,,44,13,,,,2,,,,11,,,1,4,0,,,,0,0,2,2,0,2,4,1,,,3,,,2,2,2,1,1,,,,,0,,1,0,,,0.00,2,2,2,1
Public Method,"ProgettoBirra.GestioneDB.DeleteAtt",,,,,,,,,,,,,,,,,,,,,,,,,,,,,,,,,,,4,11,,,,1,,,,10,,,3,5,0,,,,0,0,3,2,0,4,6,3,,,4,,,2,2,2,1,0,,,,,0,,1,0,,,0.00,2,2,2,1
Public Method,"ProgettoBirra.GestioneDB.DeleteAttrezziUtente",,,,,,,,,,,,,,,,,,,,,,,,,,,,,,,,,,,3,11,,,,1,,,,10,,,3,5,0,,,,0,0,3,2,0,4,6,3,,,4,,,2,2,2,1,0,,,,,0,,1,0,,,0.00,2,2,2,1
Public Method,"ProgettoBirra.GestioneDB.DeleteProd",,,,,,,,,,,,,,,,,,,,,,,,,,,,,,,,,,,5,11,,,,1,,,,10,,,3,5,0,,,,0,0,3,2,0,4,6,3,,,4,,,2,2,2,1,0,,,,,0,,1,0,,,0.00,2,2,2,1
Public Method,"ProgettoBirra.GestioneDB.DeleteProdRic",,,,,,,,,,,,,,,,,,,,,,,,,,,,,,,,,,,3,11,,,,1,,,,10,,,3,5,0,,,,0,0,3,2,0,4,6,3,,,4,,,2,2,2,1,0,,,,,0,,1,0,,,0.00,2,2,2,1
Public Method,"ProgettoBirra.GestioneDB.DeleteProdRicettaUtente",,,,,,,,,,,,,,,,,,,,,,,,,,,,,,,,,,,3,11,,,,1,,,,10,,,3,5,0,,,,0,0,3,2,0,4,6,3,,,4,,,2,2,2,1,0,,,,,0,,1,0,,,0.00,2,2,2,1
Public Method,"ProgettoBirra.GestioneDB.DeleteProdUtente",,,,,,,,,,,,,,,,,,,,,,,,,,,,,,,,,,,3,11,,,,1,,,,10,,,3,5,0,,,,0,0,3,2,0,4,6,3,,,4,,,2,2,2,1,0,,,,,0,,1,0,,,0.00,2,2,2,1
Public Method,"ProgettoBirra.GestioneDB.DeleteRic",,,,,,,,,,,,,,,,,,,,,,,,,,,,,,,,,,,4,11,,,,1,,,,10,,,3,5,0,,,,0,0,3,2,0,4,6,3,,,4,,,2,2,2,1,0,,,,,0,,1,0,,,0.00,2,2,2,1
Public Method,"ProgettoBirra.GestioneDB.DeleteRicetteUtente",,,,,,,,,,,,,,,,,,,,,,,,,,,,,,,,,,,3,11,,,,1,,,,10,,,3,5,0,,,,0,0,3,2,0,4,6,3,,,4,,,2,2,2,1,0,,,,,0,,1,0,,,0.00,2,2,2,1
Public Method,"ProgettoBirra.GestioneDB.DeleteSpesa",,,,,,,,,,,,,,,,,,,,,,,,,,,,,,,,,,,4,11,,,,1,,,,10,,,3,5,0,,,,0,0,3,2,0,4,6,3,,,4,,,2,2,2,1,0,,,,,0,,1,0,,,0.00,2,2,2,1
Public Method,"ProgettoBirra.GestioneDB.DeleteUtente",,,,,,,,,,,,,,,,,,,,,,,,,,,,,,,,,,,3,11,,,,1,,,,10,,,3,5,0,,,,0,0,3,2,0,4,6,3,,,4,,,2,2,2,1,0,,,,,0,,1,0,,,0.00,2,2,2,1
Public Constructor,"ProgettoBirra.GestioneDB.GestioneDB",,,,,,,,,,,,,,,,,,,,,,,,,,,,,,,,,,,14,4,,,,0,,,,4,,,1,1,0,,,,0,0,2,1,0,1,2,1,,,1,,,1,1,1,1,0,,,,,0,,0,0,,,0.00,1,1,1,1
Private Method,"ProgettoBirra.GestioneDB.Initialize",,,,,,,,,,,,,,,,,,,,,,,,,,,,,,,,,,,1,18,,,,3,,,,15,,,6,7,0,,,,0,0,1,1,0,11,12,6,,,6,,,1,1,1,1,0,,,,,0,,0,0,,,0.00,1,1,1,1
Public Method,"ProgettoBirra.GestioneDB.InsertAtt",,,,,,,,,,,,,,,,,,,,,,,,,,,,,,,,,,,5,24,,,,4,,,,16,,,3,9,4,,,,0,0,5,3,0,6,9,3,,,7,,,3,3,3,1,1,,,,,0,,2,0,,,0.25,3,3,3,1
Public Method,"ProgettoBirra.GestioneDB.InsertListaSpesa",,,,,,,,,,,,,,,,,,,,,,,,,,,,,,,,,,,5,17,,,,3,,,,10,,,3,5,4,,,,0,0,3,2,0,4,6,3,,,4,,,2,2,2,1,0,,,,,0,,1,0,,,0.40,2,2,2,1
Public Method,"ProgettoBirra.GestioneDB.InsertProd",,,,,,,,,,,,,,,,,,,,,,,,,,,,,,,,,,,5,27,,,,5,,,,18,,,3,9,4,,,,0,0,5,3,0,6,9,3,,,7,,,3,3,3,1,1,,,,,0,,2,0,,,0.22,3,3,3,1
Public Method,"ProgettoBirra.GestioneDB.InsertProdRic",,,,,,,,,,,,,,,,,,,,,,,,,,,,,,,,,,,7,17,,,,4,,,,10,,,3,5,3,,,,0,0,3,2,0,4,6,3,,,4,,,2,2,2,1,0,,,,,0,,1,0,,,0.30,2,2,2,1
Public Method,"ProgettoBirra.GestioneDB.InsertRic",,,,,,,,,,,,,,,,,,,,,,,,,,,,,,,,,,,8,18,,,,4,,,,10,,,3,5,4,,,,0,0,3,2,0,4,6,3,,,4,,,2,2,2,1,0,,,,,0,,1,0,,,0.40,2,2,2,1
Public Method,"ProgettoBirra.GestioneDB.InsertUtente",,,,,,,,,,,,,,,,,,,,,,,,,,,,,,,,,,,4,26,,,,4,,,,18,,,3,9,4,,,,0,0,5,3,0,6,9,3,,,7,,,3,3,3,1,1,,,,,0,,2,0,,,0.22,3,3,3,1
Private Method,"ProgettoBirra.GestioneDB.OpenConnection",,,,,,,,,,,,,,,,,,,,,,,,,,,,,,,,,,,44,23,,,,2,,,,21,,,1,12,0,,,,0,0,3,4,1,7,10,1,,,9,,,4,3,4,1,2,,,,,0,,2,0,,,0.00,4,3,4,1
Public Method,"ProgettoBirra.GestioneDB.SelectUtente",,,,,,,,,,,,,,,,,,,,,,,,,,,,,,,,,,,4,33,,,,7,,,,23,,,6,16,3,,,,0,0,8,5,1,13,17,6,,,13,,,4,4,5,3,3,,,,,3,,2,3,,,0.13,4,4,5,3
Public Method,"ProgettoBirra.GestioneDB.UpdateAtt",,,,,,,,,,,,,,,,,,,,,,,,,,,,,,,,,,,5,21,,,,3,,,,12,,,3,7,6,,,,0,0,3,2,0,6,8,3,,,6,,,2,2,2,1,0,,,,,0,,1,0,,,0.50,2,2,2,1
Public Method,"ProgettoBirra.GestioneDB.UpdateListaDellaSpesa",,,,,,,,,,,,,,,,,,,,,,,,,,,,,,,,,,,5,21,,,,3,,,,12,,,3,7,6,,,,0,0,3,2,0,6,8,3,,,6,,,2,2,2,1,0,,,,,0,,1,0,,,0.50,2,2,2,1
Public Method,"ProgettoBirra.GestioneDB.UpdateProd",,,,,,,,,,,,,,,,,,,,,,,,,,,,,,,,,,,6,21,,,,3,,,,12,,,3,7,6,,,,0,0,3,2,0,6,8,3,,,6,,,2,2,2,1,0,,,,,0,,1,0,,,0.50,2,2,2,1
Public Method,"ProgettoBirra.GestioneDB.UpdateRic",,,,,,,,,,,,,,,,,,,,,,,,,,,,,,,,,,,5,21,,,,3,,,,12,,,3,7,6,,,,0,0,3,2,0,6,8,3,,,6,,,2,2,2,1,0,,,,,0,,1,0,,,0.50,2,2,2,1
Public Method,"ProgettoBirra.GestioneDB.UpdateUtente",,,,,,,,,,,,,,,,,,,,,,,,,,,,,,,,,,,4,21,,,,6,,,,12,,,3,7,3,,,,0,0,3,2,0,6,8,3,,,6,,,2,2,2,1,0,,,,,0,,1,0,,,0.25,2,2,2,1
Public Method,"ProgettoBirra.GestioneDB.cheBirraFaccioOggi",,,,,,,,,,,,,,,,,,,,,,,,,,,,,,,,,,,8,91,,,,20,,,,65,,,16,41,6,,,,0,0,14,144,2,32,45,18,,,34,,,13,13,13,6,4,,,,,4,,7,4,,,0.09,13,13,13,6
Public Method,"ProgettoBirra.GestioneDB.create_table",,,,,,,,,,,,,,,,,,,,,,,,,,,,,,,,,,,1,19,,,,7,,,,10,,,3,5,2,,,,0,0,4,2,0,4,6,3,,,5,,,2,2,2,1,0,,,,,0,,1,0,,,0.20,2,2,2,1
Public Method,"ProgettoBirra.GestioneDB.create_tableAtt",,,,,,,,,,,,,,,,,,,,,,,,,,,,,,,,,,,1,17,,,,4,,,,10,,,3,5,3,,,,0,0,4,2,0,4,6,3,,,5,,,2,2,2,1,0,,,,,0,,1,0,,,0.30,2,2,2,1
Public Method,"ProgettoBirra.GestioneDB.create_tableListaDellaSpesa",,,,,,,,,,,,,,,,,,,,,,,,,,,,,,,,,,,2,17,,,,4,,,,10,,,3,5,3,,,,0,0,4,2,0,4,6,3,,,5,,,2,2,2,1,0,,,,,0,,1,0,,,0.30,2,2,2,1
Public Method,"ProgettoBirra.GestioneDB.create_tableProd",,,,,,,,,,,,,,,,,,,,,,,,,,,,,,,,,,,1,17,,,,4,,,,10,,,3,5,3,,,,0,0,4,2,0,4,6,3,,,5,,,2,2,2,1,0,,,,,0,,1,0,,,0.30,2,2,2,1
Public Method,"ProgettoBirra.GestioneDB.create_tableProdHasRicetta",,,,,,,,,,,,,,,,,,,,,,,,,,,,,,,,,,,1,17,,,,3,,,,10,,,3,5,4,,,,0,0,4,2,0,4,6,3,,,5,,,2,2,2,1,0,,,,,0,,1,0,,,0.40,2,2,2,1
Public Method,"ProgettoBirra.GestioneDB.create_tableRic",,,,,,,,,,,,,,,,,,,,,,,,,,,,,,,,,,,1,17,,,,4,,,,10,,,3,5,3,,,,0,0,4,2,0,4,6,3,,,5,,,2,2,2,1,0,,,,,0,,1,0,,,0.30,2,2,2,1
Public Method,"ProgettoBirra.GestioneDB.recuperoAttr",,,,,,,,,,,,,,,,,,,,,,,,,,,,,,,,,,,4,24,,,,4,,,,18,,,6,11,2,,,,0,0,7,3,0,9,12,6,,,8,,,3,3,3,1,0,,,,,0,,2,0,,,0.11,3,3,3,1
Public Method,"ProgettoBirra.GestioneDB.recuperoIdRic",,,,,,,,,,,,,,,,,,,,,,,,,,,,,,,,,,,7,24,,,,5,,,,17,,,6,10,2,,,,0,0,7,3,0,8,11,6,,,8,,,3,3,3,1,0,,,,,0,,2,0,,,0.12,3,3,3,1
Public Method,"ProgettoBirra.GestioneDB.recuperoListaSpesa",,,,,,,,,,,,,,,,,,,,,,,,,,,,,,,,,,,4,25,,,,5,,,,18,,,6,11,2,,,,0,0,7,3,0,9,12,6,,,8,,,3,3,3,1,0,,,,,0,,2,0,,,0.11,3,3,3,1
Public Method,"ProgettoBirra.GestioneDB.recuperoNomeRic",,,,,,,,,,,,,,,,,,,,,,,,,,,,,,,,,,,4,24,,,,6,,,,16,,,5,9,2,,,,0,0,6,3,0,7,10,5,,,7,,,3,3,3,1,0,,,,,0,,2,0,,,0.13,3,3,3,1
Public Method,"ProgettoBirra.GestioneDB.recuperoProd",,,,,,,,,,,,,,,,,,,,,,,,,,,,,,,,,,,5,24,,,,4,,,,18,,,6,11,2,,,,0,0,8,3,0,9,12,6,,,9,,,3,3,3,1,0,,,,,0,,2,0,,,0.11,3,3,3,1
Public Method,"ProgettoBirra.GestioneDB.recuperoProdUtente",,,,,,,,,,,,,,,,,,,,,,,,,,,,,,,,,,,4,24,,,,4,,,,18,,,6,11,2,,,,0,0,7,3,0,9,12,6,,,8,,,3,3,3,1,0,,,,,0,,2,0,,,0.11,3,3,3,1
Public Method,"ProgettoBirra.GestioneDB.recuperoQuantitaProd",,,,,,,,,,,,,,,,,,,,,,,,,,,,,,,,,,,4,22,,,,4,,,,16,,,5,9,2,,,,0,0,7,3,0,7,10,5,,,7,,,3,3,3,1,0,,,,,0,,2,0,,,0.13,3,3,3,1
Public Method,"ProgettoBirra.GestioneDB.recuperoRic",,,,,,,,,,,,,,,,,,,,,,,,,,,,,,,,,,,5,31,,,,5,,,,24,,,9,17,2,,,,0,0,7,3,0,15,18,9,,,11,,,3,3,3,1,0,,,,,0,,2,0,,,0.08,3,3,3,1
Public Method,"ProgettoBirra.GestioneDB.verificaAttr",,,,,,,,,,,,,,,,,,,,,,,,,,,,,,,,,,,4,30,,,,8,,,,19,,,5,12,3,,,,0,0,6,5,1,9,13,5,,,10,,,4,4,4,3,3,,,,,3,,2,3,,,0.16,4,4,4,3
Public Method,"ProgettoBirra.GestioneDB.verificaProd",,,,,,,,,,,,,,,,,,,,,,,,,,,,,,,,,,,5,30,,,,7,,,,19,,,5,12,4,,,,0,0,6,5,1,9,13,5,,,10,,,4,4,4,3,3,,,,,3,,2,3,,,0.21,4,4,4,3
Public Method,"ProgettoBirra.GestioneDB.verificaProdListaSpesa",,,,,,,,,,,,,,,,,,,,,,,,,,,,,,,,,,,4,30,,,,7,,,,19,,,5,12,4,,,,0,0,6,5,1,9,13,5,,,10,,,4,4,4,3,3,,,,,3,,2,3,,,0.21,4,4,4,3
Public Method,"ProgettoBirra.GestioneDB.verificaQuantitaProd",,,,,,,,,,,,,,,,,,,,,,,,,,,,,,,,,,,5,39,,,,10,,,,25,,,6,14,4,,,,0,0,7,5,1,10,14,6,,,11,,,4,4,4,3,3,,,,,3,,2,3,,,0.16,4,4,4,3
Public Method,"ProgettoBirra.GestioneDB.verificaRic",,,,,,,,,,,,,,,,,,,,,,,,,,,,,,,,,,,5,30,,,,7,,,,19,,,5,12,4,,,,0,0,6,5,1,9,13,5,,,10,,,4,4,4,3,3,,,,,3,,2,3,,,0.21,4,4,4,3
Public Method,"ProgettoBirra.GestioneDB.verificaUtente",,,,,,,,,,,,,,,,,,,,,,,,,,,,,,,,,,,3,30,,,,8,,,,19,,,5,12,3,,,,0,0,6,5,1,9,13,5,,,10,,,4,4,4,3,3,,,,,3,,2,3,,,0.16,4,4,4,3
Public Static Class,"ProgettoBirra.Globals",0,0,0,0,0,0,0,0,1,8,5,0,,0,10,,,,0,0,0,0,0,0,0,0,9,0,0,0,0,0,0,0,,12,,,,0,,,,12,,,11,8,0,,,,0,0,,,,10,11,11,,,7,,,,,,,,0,0,0,0,,0,0,,0,0,0.00,0,0,0,0
Public Class,"ProgettoBirra.ListaSpesaMapper",1,1,1,1,4,0,4,0,1,1,0,0,,0,0,,,,3,2,0,2,0,0,0,3,12,0,0,0,0,3,0,0,,19,,,,1,,,,18,,,6,4,0,,,,0,0,,,,6,10,6,,,4,,,,,,,,1,1,1,1,,0,0,,33,33,0.00,3,3,3,3
Public Constructor,"ProgettoBirra.ListaSpesaMapper.ListaSpesaMapper",,,,,,,,,,,,,,,,,,,,,,,,,,,,,,,,,,,3,5,,,,0,,,,5,,,1,2,0,,,,0,0,3,1,0,2,3,1,,,2,,,1,1,1,1,0,,,,,0,,0,0,,,0.00,1,1,1,1
Public Method,"ProgettoBirra.ListaSpesaMapper.getQuantita",,,,,,,,,,,,,,,,,,,,,,,,,,,,,,,,,,,2,4,,,,0,,,,4,,,1,1,0,,,,0,0,1,1,0,1,2,1,,,1,,,1,1,1,1,0,,,,,0,,0,0,,,0.00,1,1,1,1
Public Method,"ProgettoBirra.ListaSpesaMapper.getnomeProd",,,,,,,,,,,,,,,,,,,,,,,,,,,,,,,,,,,2,4,,,,0,,,,4,,,1,1,0,,,,0,0,1,1,0,1,2,1,,,1,,,1,1,1,1,0,,,,,0,,0,0,,,0.00,1,1,1,1
Public Class,"ProgettoBirra.ProdottoMapper",1,1,1,1,4,0,4,0,1,1,0,0,,0,0,,,,3,2,0,2,0,0,0,3,12,0,0,0,0,3,0,0,,21,,,,3,,,,18,,,6,4,0,,,,0,0,,,,6,10,6,,,4,,,,,,,,1,1,1,1,,0,0,,33,33,0.00,3,3,3,3
Public Constructor,"ProgettoBirra.ProdottoMapper.ProdottoMapper",,,,,,,,,,,,,,,,,,,,,,,,,,,,,,,,,,,5,6,,,,1,,,,5,,,1,2,0,,,,0,0,3,1,0,2,3,1,,,2,,,1,1,1,1,0,,,,,0,,0,0,,,0.00,1,1,1,1
Public Method,"ProgettoBirra.ProdottoMapper.getNome",,,,,,,,,,,,,,,,,,,,,,,,,,,,,,,,,,,6,4,,,,0,,,,4,,,1,1,0,,,,0,0,1,1,0,1,2,1,,,1,,,1,1,1,1,0,,,,,0,,0,0,,,0.00,1,1,1,1
Public Method,"ProgettoBirra.ProdottoMapper.getQuantita",,,,,,,,,,,,,,,,,,,,,,,,,,,,,,,,,,,5,4,,,,0,,,,4,,,1,1,0,,,,0,0,1,1,0,1,2,1,,,1,,,1,1,1,1,0,,,,,0,,0,0,,,0.00,1,1,1,1
Internal Static Class,"ProgettoBirra.Program",1,1,1,1,6,0,6,0,1,2,1,0,,1,0,,,,0,0,0,0,0,0,0,1,10,0,1,0,0,0,0,0,,13,,,,0,,,,10,,,3,3,3,,,,0,0,,,,3,5,2,,,3,,,,,,,,1,1,1,1,,0,0,,0,0,0.30,1,1,1,1
Private Static Method,"ProgettoBirra.Program.Main",,,,,,,,,,,,,,,,,,,,,,,,,,,,,,,,,,,0,6,,,,0,,,,6,,,1,3,0,,,,0,0,4,1,0,3,4,1,,,3,,,1,1,1,1,0,,,,,0,,0,0,,,0.00,1,1,1,1
Namespace,"ProgettoBirra.Properties",1,1,1,1,3,0,3,0,,,,,2,,,,,5,,,,,,,,,,,,,,,,,,69,,,,11,,,,44,,,25,8,14,,,,0,0,,,,10,23,17,,,8,,,,,,,,2,2,2,1,,,0,,,,0.32,6,6,6,5
Internal Class,"ProgettoBirra.Properties.Resources",1,1,1,1,3,0,3,0,1,8,2,0,,3,2,,,,1,0,0,0,0,0,0,4,13,4,0,0,0,0,2,0,,38,,,,5,,,,26,,,13,6,7,,,,0,0,,,,7,15,10,,,6,,,,,,,,1,1,1,1,,0,0,,62,62,0.27,1,1,1,1
Internal Static Method,"ProgettoBirra.Properties.Resources.Culture.get",,,,,,,,,,,,,,,,,,,,,,,,,,,,,,,,,,,1,3,,,,0,,,,3,,,1,1,0,,,,0,0,1,1,0,1,2,1,,,1,,,1,1,1,1,0,,,,,0,,0,0,,,0.00,1,1,1,1
Internal Static Method,"ProgettoBirra.Properties.Resources.Culture.set",,,,,,,,,,,,,,,,,,,,,,,,,,,,,,,,,,,1,3,,,,0,,,,3,,,1,1,0,,,,0,0,2,1,0,1,2,1,,,1,,,1,1,1,1,0,,,,,0,,0,0,,,0.00,1,1,1,1
Internal Static Method,"ProgettoBirra.Properties.Resources.ResourceManager.get",,,,,,,,,,,,,,,,,,,,,,,,,,,,,,,,,,,1,7,,,,0,,,,7,,,2,4,0,,,,0,0,3,2,0,3,5,2,,,4,,,2,2,2,1,0,,,,,0,,0,0,,,0.00,2,2,2,1
Internal Constructor,"ProgettoBirra.Properties.Resources.Resources",,,,,,,,,,,,,,,,,,,,,,,,,,,,,,,,,,,0,2,,,,0,,,,2,,,1,0,0,,,,0,0,2,1,0,0,1,1,,,0,,,1,1,1,1,0,,,,,0,,0,0,,,0.00,1,1,1,1
Internal Class,"ProgettoBirra.Properties.Settings",1,1,1,1,3,0,3,0,1,2,1,0,,1,1,,,,0,0,0,0,0,0,0,1,10,0,0,0,0,1,1,0,,10,,,,2,,,,8,,,4,2,0,,,,0,0,,,,2,5,4,,,2,,,,,,,,0,0,0,0,,1,0,,0,0,0.00,0,0,0,0
Public Static Method,"ProgettoBirra.Properties.Settings.Default.get",,,,,,,,,,,,,,,,,,,,,,,,,,,,,,,,,,,1,3,,,,0,,,,3,,,1,1,0,,,,0,0,1,1,0,1,2,1,,,1,,,1,1,1,1,0,,,,,0,,0,0,,,0.00,1,1,1,1
Public Class,"ProgettoBirra.RicettaMapper",1,1,1,1,4,0,4,0,1,1,0,0,,0,0,,,,6,5,0,5,0,0,0,6,15,0,0,0,0,6,0,0,,38,,,,2,,,,36,,,12,10,0,,,,0,0,,,,15,22,12,,,10,,,,,,,,1,1,1,1,,0,0,,66,66,0.00,6,6,6,6
Public Constructor,"ProgettoBirra.RicettaMapper.RicettaMapper",,,,,,,,,,,,,,,,,,,,,,,,,,,,,,,,,,,6,8,,,,0,,,,8,,,1,5,0,,,,0,0,6,1,0,5,6,1,,,5,,,1,1,1,1,0,,,,,0,,0,0,,,0.00,1,1,1,1
Public Method,"ProgettoBirra.RicettaMapper.getAttrezzi",,,,,,,,,,,,,,,,,,,,,,,,,,,,,,,,,,,2,4,,,,0,,,,4,,,1,1,0,,,,0,0,1,1,0,1,2,1,,,1,,,1,1,1,1,0,,,,,0,,0,0,,,0.00,1,1,1,1
Public Method,"ProgettoBirra.RicettaMapper.getNome",,,,,,,,,,,,,,,,,,,,,,,,,,,,,,,,,,,4,4,,,,0,,,,4,,,1,1,0,,,,0,0,1,1,0,1,2,1,,,1,,,1,1,1,1,0,,,,,0,,0,0,,,0.00,1,1,1,1
Public Method,"ProgettoBirra.RicettaMapper.getNote",,,,,,,,,,,,,,,,,,,,,,,,,,,,,,,,,,,2,4,,,,0,,,,4,,,1,1,0,,,,0,0,1,1,0,1,2,1,,,1,,,1,1,1,1,0,,,,,0,,0,0,,,0.00,1,1,1,1
Public Method,"ProgettoBirra.RicettaMapper.getPreparazione",,,,,,,,,,,,,,,,,,,,,,,,,,,,,,,,,,,2,4,,,,0,,,,4,,,1,1,0,,,,0,0,1,1,0,1,2,1,,,1,,,1,1,1,1,0,,,,,0,,0,0,,,0.00,1,1,1,1
Public Method,"ProgettoBirra.RicettaMapper.getidRicetta",,,,,,,,,,,,,,,,,,,,,,,,,,,,,,,,,,,2,4,,,,0,,,,4,,,1,1,0,,,,0,0,1,1,0,1,2,1,,,1,,,1,1,1,1,0,,,,,0,,0,0,,,0.00,1,1,1,1
File,"Program.cs",1,1,1,1,6,0,6,0,,,,,1,,,1,,1,,,,,,,,,,,,,,,,,,19,,,,1,,,,15,,,6,3,3,,,,0,0,,,,5,8,5,,,3,,,,,,,,1,1,1,1,,,0,,,,0.20,1,1,1,1
Unknown Method,"Read",,,,,,,,,,,,,,,,,,,,,,,,,,,,,,,,,,,,,,,,,,,,,,,,,,,,,,,,,,,,,,,,,,,,,,,,,,,,,,,,,0.00,,,,
File,"Renci.SshNet.Async.xml",0,0,0,0,122,0,122,0,,,,,0,,,0,,0,,,,,,,,,,,,,,,,,,122,0,0,0,0,0,0,0,122,0,0,,,0,0,0,0,,,,0,0,,0,0,0,0,0,0,0,0,0,0,0,,0,0,,0,,,0,,,,0.00,0,0,0,0
File,"Renci.SshNet.Async.xml",0,0,0,0,122,0,122,0,,,,,0,,,0,,0,,,,,,,,,,,,,,,,,,122,0,0,0,0,0,0,0,122,0,0,,,0,0,0,0,,,,0,0,,0,0,0,0,0,0,0,0,0,0,0,,0,0,,0,,,0,,,,0.00,0,0,0,0
File,"Renci.SshNet.Async.xml",0,0,0,0,122,0,122,0,,,,,0,,,0,,0,,,,,,,,,,,,,,,,,,122,0,0,0,0,0,0,0,122,0,0,,,0,0,0,0,,,,0,0,,0,0,0,0,0,0,0,0,0,0,0,,0,0,,0,,,0,,,,0.00,0,0,0,0
File,"Renci.SshNet.Async.xml",0,0,0,0,122,0,122,0,,,,,0,,,0,,0,,,,,,,,,,,,,,,,,,122,0,0,0,0,0,0,0,122,0,0,,,0,0,0,0,,,,0,0,,0,0,0,0,0,0,0,0,0,0,0,,0,0,,0,,,0,,,,0.00,0,0,0,0
File,"Renci.SshNet.xml",0,0,0,0,18961,6,18955,0,,,,,0,,,0,,0,,,,,,,,,,,,,,,,,,18961,0,0,0,6,0,0,0,18955,0,0,,,0,0,0,0,,,,0,0,,0,0,0,0,0,0,0,0,0,0,0,,0,0,,0,,,0,,,,0.00,0,0,0,0
File,"Renci.SshNet.xml",0,0,0,0,19524,6,19518,0,,,,,0,,,0,,0,,,,,,,,,,,,,,,,,,19524,0,0,0,6,0,0,0,19518,0,0,,,0,0,0,0,,,,0,0,,0,0,0,0,0,0,0,0,0,0,0,,0,0,,0,,,0,,,,0.00,0,0,0,0
File,"Renci.SshNet.xml",0,0,0,0,19008,6,19002,0,,,,,0,,,0,,0,,,,,,,,,,,,,,,,,,19008,0,0,0,6,0,0,0,19002,0,0,,,0,0,0,0,,,,0,0,,0,0,0,0,0,0,0,0,0,0,0,,0,0,,0,,,0,,,,0.00,0,0,0,0
File,"Renci.SshNet.xml",0,0,0,0,19008,6,19002,0,,,,,0,,,0,,0,,,,,,,,,,,,,,,,,,19008,0,0,0,6,0,0,0,19002,0,0,,,0,0,0,0,,,,0,0,,0,0,0,0,0,0,0,0,0,0,0,,0,0,,0,,,0,,,,0.00,0,0,0,0
File,"Renci.SshNet.xml",0,0,0,0,19415,6,19409,0,,,,,0,,,0,,0,,,,,,,,,,,,,,,,,,19415,0,0,0,6,0,0,0,19409,0,0,,,0,0,0,0,,,,0,0,,0,0,0,0,0,0,0,0,0,0,0,,0,0,,0,,,0,,,,0.00,0,0,0,0
File,"Renci.SshNet.xml",0,0,0,0,19120,6,19114,0,,,,,0,,,0,,0,,,,,,,,,,,,,,,,,,19120,0,0,0,6,0,0,0,19114,0,0,,,0,0,0,0,,,,0,0,,0,0,0,0,0,0,0,0,0,0,0,,0,0,,0,,,0,,,,0.00,0,0,0,0
File,"Renci.SshNet.xml",0,0,0,0,19325,6,19319,0,,,,,0,,,0,,0,,,,,,,,,,,,,,,,,,19325,0,0,0,6,0,0,0,19319,0,0,,,0,0,0,0,,,,0,0,,0,0,0,0,0,0,0,0,0,0,0,,0,0,,0,,,0,,,,0.00,0,0,0,0
File,"Renci.SshNet.xml",0,0,0,0,18979,6,18973,0,,,,,0,,,0,,0,,,,,,,,,,,,,,,,,,18979,0,0,0,6,0,0,0,18973,0,0,,,0,0,0,0,,,,0,0,,0,0,0,0,0,0,0,0,0,0,0,,0,0,,0,,,0,,,,0.00,0,0,0,0
File,"Renci.SshNet.xml",0,0,0,0,19415,6,19409,0,,,,,0,,,0,,0,,,,,,,,,,,,,,,,,,19415,0,0,0,6,0,0,0,19409,0,0,,,0,0,0,0,,,,0,0,,0,0,0,0,0,0,0,0,0,0,0,,0,0,,0,,,0,,,,0.00,0,0,0,0
File,"Resources.Designer.cs",1,1,1,1,3,0,3,0,,,,,1,,,4,,4,,,,,,,,,,,,,,,,,,63,,,,8,,,,32,,,18,6,23,,,,0,0,,,,8,17,12,,,6,,,,,,,,2,2,2,1,,,0,,,,0.72,5,5,5,4
Unknown Method,"ResumeLayout",,,,,,,,,,,,,,,,,,,,,,,,,,,,,,,,,,,,,,,,,,,,,,,,,,,,,,,,,,,,,,,,,,,,,,,,,,,,,,,,,0.00,,,,
File,"RicettaMapper.cs",1,1,1,1,4,0,4,0,,,,,1,,,6,,6,,,,,,,,,,,,,,,,,,41,,,,2,,,,39,,,13,10,0,,,,0,0,,,,15,23,13,,,10,,,,,,,,1,1,1,1,,,0,,,,0.00,6,6,6,6
Unknown Method,"Run",,,,,,,,,,,,,,,,,,,,,,,,,,,,,,,,,,,,,,,,,,,,,,,,,,,,,,,,,,,,,,,,,,,,,,,,,,,,,,,,,0.00,,,,
Unknown Method,"SetCompatibleTextRenderingDefault",,,,,,,,,,,,,,,,,,,,,,,,,,,,,,,,,,,,,,,,,,,,,,,,,,,,,,,,,,,,,,,,,,,,,,,,,,,,,,,,,0.00,,,,
File,"Settings.Designer.cs",1,1,1,1,3,0,3,0,,,,,1,,,1,,1,,,,,,,,,,,,,,,,,,26,,,,5,,,,12,,,7,2,9,,,,0,0,,,,2,6,5,,,2,,,,,,,,1,1,1,1,,,0,,,,0.75,1,1,1,1
Unknown Method,"Show",,,,,,,,,,,,,,,,,,,,,,,,,,,,,,,,,,,,,,,,,,,,,,,,,,,,,,,,,,,,,,,,,,,,,,,,,,,,,,,,,0.00,,,,
Unknown Method,"ShowDialog",,,,,,,,,,,,,,,,,,,,,,,,,,,,,,,,,,,,,,,,,,,,,,,,,,,,,,,,,,,,,,,,,,,,,,,,,,,,,,,,,0.00,,,,
Unknown Class,"Size",,,,,,,,,,,,,,,,,,,,,,,,,,,,,,,,,,,,,,,,,,,,,,,,,,,,,,,,,,,,,,,,,,,,,,,,,,,,,,,,,0.00,,,,
Unknown Class,"SizeF",,,,,,,,,,,,,,,,,,,,,,,,,,,,,,,,,,,,,,,,,,,,,,,,,,,,,,,,,,,,,,,,,,,,,,,,,,,,,,,,,0.00,,,,
Unknown Method,"SuspendLayout",,,,,,,,,,,,,,,,,,,,,,,,,,,,,,,,,,,,,,,,,,,,,,,,,,,,,,,,,,,,,,,,,,,,,,,,,,,,,,,,,0.00,,,,
Unknown Method,"Synchronized",,,,,,,,,,,,,,,,,,,,,,,,,,,,,,,,,,,,,,,,,,,,,,,,,,,,,,,,,,,,,,,,,,,,,,,,,,,,,,,,,0.00,,,,
Unresolved Namespace,"System.Windows.Forms",,,,,,,,,,,,,,,,,,,,,,,,,,,,,,,,,,,,,,,,,,,,,,,,,,,,,,,,,,,,,,,,,,,,,,,,,,,,,,,,,0.00,,,,
Unknown Class,"TextBox",,,,,,,,,,,,,,,,,,,,,,,,,,,,,,,,,,,,,,,,,,,,,,,,,,,,,,,,,,,,,,,,,,,,,,,,,,,,,,,,,0.00,,,,
Unknown Method,"ToInt32",,,,,,,,,,,,,,,,,,,,,,,,,,,,,,,,,,,,,,,,,,,,,,,,,,,,,,,,,,,,,,,,,,,,,,,,,,,,,,,,,0.00,,,,
Unknown Method,"ToString",,,,,,,,,,,,,,,,,,,,,,,,,,,,,,,,,,,,,,,,,,,,,,,,,,,,,,,,,,,,,,,,,,,,,,,,,,,,,,,,,0.00,,,,
File,"cheBirraFaccio.cs",1,1,1,1,4,0,4,0,,,,,1,,,3,,3,,,,,,,,,,,,,,,,,,24,,,,3,,,,21,,,7,4,0,,,,0,0,,,,6,11,7,,,4,,,,,,,,1,1,1,1,,,0,,,,0.00,3,3,3,3
